case,dice
la_007,0.8884891397867335
la_016,0.9400672979660587
la_021,0.9012297123561024
la_024,0.8972551498772746
mean,0.9067603249965422
std,0.01977452077541812
