case,dice
spleen_10,0.15148752315612823
spleen_13,0.22744450310826148
spleen_14,0.23900946754898708
spleen_17,0.07492510098482265
spleen_31,0.18808446105383805
spleen_33,0.1774018626161004
spleen_44,0.06223764280763517
spleen_47,0.19356751376312306
spleen_56,0.07324092855934022
mean,0.15415544484424848
std,0.06420192361095481
